"postings_site","job_postings_count"
"LinkedIn","1867"
"Trabajo.org","429"
"Comeet","311"
"Ai-Jobs.net","59"
"Mploy דרושים","45"
"The Muse","42"
"Recruit.net","35"
"Startup Jobs","32"
"BeBee Israel","29"
"SmartRecruiters Job Search","28"
"Melga","20"
"Techit דרושים","19"
"LSports","17"
"VAST Data","14"
"Fairygodboss","13"
"Wellfound","12"
"Talentify","11"
"Jobnet","11"
"VentureLoop","9"
"AllJobs","9"
"EchoJobs","8"
"Coralogix","8"
"UVeye","7"
"Explorium","7"
"Energy Jobline","6"
"Jobgether","6"
"Smart Recruiters Jobs","6"
"Nefesh B'Nefesh","6"
"אתר משרות","6"
"Jobs In Forex","5"
"Machine Learning Israel","5"
"Kenshoo","5"
"Firebolt - Talentify","4"
"קבוצת נישה","4"
"נישה","4"
"AI Careers","4"
"East Hiring","4"
"Nym Health","4"
"AngelList","3"
"Cyberpion","3"
"Cellebrite","3"
"Superdev","3"
"BioCatch - Talentify","3"
"DriveNets - Talentify","3"
"Jobs Trabajo.org","3"
"Karkidi","3"
"Natural Intelligence","3"
"EToro - Talentify","3"
"EV.jobs","3"
"Hailo AI","3"
"Sensi.ai","2"
"AccessiBe - Talentify","2"
"Align Technology Careers","2"
"Amdocs Careers","2"
"Appdome","2"
"Darrow","2"
"DigitalRosh","2"
"Dragontail Systems","2"
"Fetcherr","2"
"FireArc","2"
"GameJobs.co","2"
"General Motors Careers","2"
"Imagene AI","2"
"Innoviz","2"
"LEVL Technology","2"
"Mendeley","2"
"Moon Active - Talentify","2"
"OSR Enterprises - Talentify","2"
"PostJobFree","2"
"Rapyd - Talentify","2"
"Secret Tel Aviv Jobs","2"
"Superdev.co.il","2"
"WEKA","2"
"Work In Tech Job Board - Communitech","2"
"Kandideeri.ee","1"
"Innovid - Talentify","1"
"KayHut","1"
"Innovation Endeavors Job Board","1"
"KMS Lighthouse","1"
"Levels.fyi","1"
"Western Digital - Talentify","1"
"LHH - LHH Israel","1"
"Imagen AI","1"
"Localize - Talentify","1"
"HR Software For Growing Businesses | Freshteam","1"
"Hiring Jobs","1"
"Medtronic - Talentify","1"
"Hackr Jobs - Hackr.io","1"
"Agmatix","1"
"MNC Jobs 360","1"
"Mogul","1"
"Work4","1"
"Guesty","1"
"National Instruments - Talentify","1"
"Gong.io - Talentify","1"
"Entrée Capital","1"
"NYCA Partners Job Board","1"
"English","1"
"Officesjobs.com","1"
"Www.jobsandcvs.com","1"
"Planck","1"
"Pliops","1"
"Zencity","1"
"Aqua Security","1"
"Eightfold.ai","1"
"Samsung Careers Israel","1"
"דרושים","1"
"8VC Job Board","1"
"Simplify Jobs","1"
"Eight Roads Ventures Job Board","1"
"Deci AI","1"
"Dataloop AI","1"
"CrazyLabs - Talentify","1"
"השמה בהתאמה עם - תוצאות","1"
"Companies | Qumra Capital Job Board - Qumra Capital","1"
"Companies | Claltech Job Board - Claltech","1"
"Terra.do","1"
"Teva Careers","1"
"The Jungle - Talentify","1"
"Clinch","1"
"Theator","1"
"Chain-Reaction.io","1"
"Truecaller","1"
"UBS - Talentify","1"
"UN Talent","1"
"UNjobnet","1"
"Careers At Amdocs","1"
"Careers","1"
"Broxer","1"
"Vertex Ventures Israel","1"
"Amdocs - Talentify","1"
"Better Impression","1"
"Javelin Venture Partners","1"
"Ionix","1"
"Jobs-Ps","1"
"Jobs - BlueRun Ventures","1"
"Jobs - The FutureList","1"
"Jobs | Group11 Job Board","1"
"Jobs By Workable","1"
"Intuit Careers","1"
"Intercontinental Exchange - Talentify","1"
"Joinrs","1"
